text,predicted_label,label
سي كرم رئس الذى شكى اصل عين,neutre,neutre
سعد قتل اكمش عربواش بقا عاصيص رجعو أصل امازيغياتفووووو,négatif,négatif
thbliiii bravo souade,positif,positif
حيل ناس بن يزق قصر غيب,neutre,positif
نتم غبياء تغب كلم انجليزية اضف رجم,neutre,négatif
عرف ضحة فيق الل يبر صور وقت حرج,positif,positif
دبي عرفو مرض سبب شكر يكم حصة روع شكر بزف دكتور,positif,positif
كلم فهم جيد عنه فهم فقط جمل غير فكر رئس علم خطط خبث شغل شرق وسط وهذ جمل غلق فكر شرق وسط فكر رؤساء شرق وسط عمي حصل وبص رؤساء شرق وسط أبعد فكر فرق بعد ليب طرق بشر وفي نفس وقت كشف فخخ حضر وفي فرق أكمل ضرب لهذ جمل حمي لسط جعل خبط خطط سنن دخل فرق اعط رجع بدي صفر جدد حذر خطط فطن حقد دبر مهم نقط يجب عطى دفع قوي رجع بلد ستى رفع شمل فرق جمل ذكر اضي جزر كانت حكم بحر ابض توسط ولل يحم بلد,négatif,positif
marete rajale matatek9mesiche hadake eldawere rabi yahedike,positif,positif
تطو ازغ بنقزديرة كاتخور ههه,positif,négatif
جزر تزج جزر مايديرلهاش غبنل عمرهاباش عرفو بلي شعب نحط,négatif,négatif
شكن جاي يمز,neutre,neutre
حلق جاء رجل,positif,neutre
بتن اكل عيفو,négatif,négatif
يحق لأي غرب يرد سير عمر 7 سنو 5 سنو صحح معلوماتك اضف حلق,neutre,neutre
شاب انر عمبال زلو صغر,positif,neutre
يرب وفق رزق ولد زيكم امن,positif,positif
ههه شبب خوا كمل,positif,positif
ركو مني نتع قنو عار حبت كلو كلم رئس منتخبش تخب نكو الل مثل حرك دزو الل يحب هدر حرك يجي شرع,négatif,négatif
دول عمق زوف عملاء عصب وفق اوح حكم جزر رجل عمل سرق مول شعب ازف ربع ناثيراثن حتل جزر,négatif,négatif
يتل قاع الل يهد اخلق,négatif,négatif
ربي سطر شاء الل,positif,positif
صحا ولد عمي علي,positif,positif
دعل نجح صحب عاد ربي يخل,positif,neutre
كبر جيح يvو طيح,négatif,négatif
جبل ربي جزر عقل كتر وسو korona,neutre,négatif
حصة دير عفس ماتصلحش,négatif,négatif
خطة قدم هتو جدد شنقريح قدم,neutre,neutre
ha ha ha ha aaaaah ya bousba3 lazra9 rhoum yatmankou bik,négatif,négatif
دول ترل غاز شعب يمت بحر غرق هرب فقر جوع بطل وبن حتي كرت غرب كبر هرب جال ههه خير غرب وصل لرس أرب فرق ومر واس خلج صين غرب أخد يلف بطخ ومانشدوش صف حلب ططس وصف وزر سيح ونس جيع,négatif,négatif
الل يحشم هدا شيب هوا وقص وشك حتقبل هدا,neutre,négatif
رنمج درل شكل خطب ملي شاف حصة حلف لوك لكن نلق دخلو سوس دخل دوس كوب تلف وخل لهل ربح,négatif,négatif
اسف بنت ضحة,négatif,neutre
احب سيد رشد كن ضدك ردء حجب انه فرض وليس خير سلم,positif,positif
جزر محة خلق,neutre,neutre
هدر ربي حرقو جمر جهنم صوتو بين شيط كذب,négatif,négatif
علم دائ وجه خدم جند علي سلط جزر ضغط طبع كين صهو تغر وجه نظر صار قول لسط ظلم ظلم دوم حال حال,neutre,neutre
الل يعط صبر خلت دوج حبت رحم رحم انه رحم رحم يرب طفي نار شعلى قلب خلت دوج وعض يرب بحج لبت حرم عمل عمر قبل يرب,positif,positif
خبث مثل حرباء بدل لون تشء عجب مزل كلم قعة حفل عراىءس خرج شعب حتي عرف وزن وزن حزب خئن,négatif,négatif
يحج بلد رحت,négatif,négatif
حصة topppp,négatif,positif
سبح الل هاد سخر مبعد قولو عله الف عفن تضح تبك تزد غمة افه كوميد رحت عثم عرو وبو صلح قرو اشي كيف هدو هلل,négatif,négatif
لحق جمع حبو يدو شهر صدق حتج صح مايشوفوش حسب الل وكل,positif,négatif
imam hada mounafik,négatif,négatif
ربي رحمو وسع اعل خلت دوج جعل صحب جنة ربي صبر شال,positif,négatif
منزوخش بصح جري,neutre,neutre
طفل فنن وهب حقق,positif,positif
تصل رهي فصل جزير كذب كذب,négatif,négatif
شفت رحه سمن وبغ تزج ترح لقن سمر نقص وزن لقى رجل زوجو,neutre,neutre
ذهب جرم جهنم بئس صير,négatif,négatif
حبت سقس خوا علم حيء ولج علم طلو 90,neutre,neutre
هني بطل شجع زيد نجح وفق,positif,positif
يجي سؤل سرق وخب يقل بلد لعز كرم ونا نقل بلد هرب لمن طاع,négatif,négatif
نكم بلد زبي هذي,négatif,négatif
زعف منك شيط قلش,négatif,négatif
moh milan خرج بسا صغر,positif,positif
صحف بغل قلت عليها رهي خبر خشم,négatif,négatif
900 لير نتم كونيناف نهب جزر 64 الف لير نتم حبيب,neutre,neutre
نصح خوا نشر ولل تعش خوا جوب,neutre,neutre
الل يبر ربي حفظ شدل,positif,positif
allah yarahmou ou yesbar waldih,positif,positif
ben brim a toujours été ma préféré j aimerai bien goûter ses plats je t embrasse très très fort madame je vous admire,positif,positif
لهم شفى صدر نصر بحق اله الل حمد رسل الل,neutre,positif
تحة كبر ساذ كلم هدء عندو خبر,positif,positif
عله مدرتلناش رجع ايف 11 برو اكس وكا رهو ماك خسر ولو بغه درل رجع ن11 برو اكس ديرجام,neutre,neutre
طورو قصد صبح بلد قوه اقتصاديه هدا مهم,neutre,neutre
فور حلى شاف معندهش كرم شايدير,positif,positif
hhhhhhh wlh ghir da7ktni had la9ta w hsnawi idahk hhhh___mdr,positif,positif
بدع لسف عصم دعمو,positif,neutre
وعل قيم كذب نحي اسك ام كمل عرفو ههههههههه,neutre,négatif
اثر تبن دلل ان ازغ يأت شرق يرج انس طلق بقع علم شمل فرق,négatif,neutre
سلسل جزء ثني,négatif,neutre
فخر كبر امر دزد,positif,positif
ain mlila 04 حول,négatif,neutre
رخس طاح ركم هدرو عشر سنة وان طبلو,négatif,négatif
شكن فرج زمن كرو,neutre,neutre
رجتل سلسل صبح رقم جزر ههه يحسرااااه روح سڨم شعر سكو خرجش لخر,négatif,négatif
ربي يخل رجل,positif,positif
رني شعل سنة طيتش مرة نفط شاء الل نكز,positif,neutre
علم لمذ شنا اسم يشب شيط,neutre,neutre
دير ربورتاج شكب خلل سعد ووو جنرال هدم بلد دمر جيل قنو رخس خمخ تحة أهل صحراء,négatif,négatif
بعر قرعج بلك تلق ولد شوفرول,négatif,négatif
ههه فرق كبر صوت يصل جلط يبن روب جلط هرب بزف,négatif,positif
ندي طبخ يمن حضرم مو سعد,positif,neutre
سـندريلآ اول ـرآ ـمـع يهآ,neutre,neutre
ربي حفظ ستر ولد امر دزد ديم رجل وقف ديم عقب,positif,positif
حرر طلع نصر جزر جزر رجو نصر الل ولد,positif,positif
شكر ساذ جمل رقي حفز,positif,positif
ربي فرج خوا,positif,positif
صحة سكن اسس,négatif,positif
رحم الل عمي قيد صلح غفر الل ولوالديه جمع سلم سلم,positif,positif
slm ana ndiya3 bzzzzf l wa9t w ana nkhmem wela nchuf f lyoutube o ki ne9ra man7asch ya3ni beli sah 9rit t3ich khoya ansa7ni o rabi ya7fdek o ykun m3ak,neutre,positif
الل رحمو غفر ويس فسح جنت ويل اهل صبر سلو يرب عرش عظم,positif,positif
ههه خلص ولل اقدر ظحك روووع روووع,positif,positif
ولل شرح سطر بحب ولل,positif,positif
سطر,positif,positif
يعط صحة خوا فرس,positif,positif
ارد اوب بتع بصم كبيير حجم,neutre,neutre
كلم تفه هههههههههه هههههههههه,neutre,positif
ya rabi twalilhom bnthom hdik hiya frhthom khir mskna rabi nchlah yrj3lhom,positif,positif
rabi ykhlashoum,positif,neutre
برك الل ضمر صلح لوط شعب,négatif,positif
كلب عقب اشد عقب ورب حفظ مول حدث,neutre,neutre
اول علق نظر رااائع,neutre,positif
وهذا شيخ جهد دار تفق روس سلم مثل امر عبد قدر,positif,positif
جيح يخي مير ريا الل دير وعي الل يهد,négatif,négatif
مونتاج شباب,positif,positif
شكر استادالأستاد كورتل يأم صراحةالمطقسواء رجل امرأةهذه اخت ختص علم فسر تخرطأولا حق تقل فاهماتكأنت ستى غلم لهذا جمع انه حطم تدرسوقالت نثى اتفهمكمختص علم نفس بد درس حلة علج يمل طزف كانالمحامي صدق قالنعم نسء تحش شيط,positif,négatif
شكر لكل ستذ علمو خصة ستذ بدئ عرب اذة ربح رنس madame larabe درس 19 جون بلد,neutre,positif
اخي حمد حصل عدل قرب جدا خصص بصح ماعطاوهليش سكو قدر عود سجل فهد سيت حول رني غي طلڨ,neutre,neutre
كانت تقل استاذانتاع,neutre,neutre
رول فيز رجل فوق رجل كلمو قشو وضع ربي,négatif,négatif
جونيف يسر,positif,neutre
دول غرب جىء ريض عدت غلب طقة طبة قاعد سعد جيش ابض حرب وبء هجم نشر نشر بغر نضم سلط ختم سلم مكن حدث وفي ئات جزير حكم شرع حلي ورث سلط اسء حلة لبد سعد بنء جزير جدد حمد الل ستع كنا شفى حفر قدة جيش شعب وطن وقع كرث بشر بسب عرض زيف حكم سبق جرم عضم عضء الن سجن حكم نهب غلل نصب فسد مند عشر سنة علج دول غرب وطن ضعف يعا صمت,négatif,neutre
rabi m3ak khouya ma3ndi manahdar hamdoulilah jatak salamat khouya,positif,positif
لله يبر لله درتل كوراج,positif,positif
respect from bz,positif,positif
حنن ربي رزق صبر ربي طير جنة نشأ الل نتم ربي يعض اعل صبر رب,positif,positif
فضل اغن تحي غرب,positif,positif
انش نرح سين سين تجي دار ربي حفظ معا حجر صحي ولل قتل ذحك,négatif,positif
تفه وجه كذب حشمش,négatif,négatif
شاء الل عمل رئع يعط صحة,positif,positif
ربي سعد اغن وجع تحه لكم اهل جزر سلم يمن ربي سعد,positif,positif
tozzzzzzz roseya machi ihode dezayar 5awana,négatif,négatif
يخي رخس قلع خطر زبل ولل عدة قلبو اسخ فوو,négatif,négatif
ولل عين دمع لبن نتم ناس طيب حقو كثر ربي حفظ,positif,positif
رضا رنا فخر يمت ربي رحم شلل اكد تكون رضي لان خلت ابن بار ثلك دعل فكر الل يهد رضا حزن نتو ضحكو الل اتت قلب حول قوة الا بلل حسب الل نعم وكل,positif,positif
ان شاء الل قرب نهي وبء بدأ حية جدد,positif,positif
طرق شرك عيذ بلل لذلك صرو,neutre,négatif
شاء الل ربي حفظ يخل بعض وهذ عبر شبب يتغ فتت جنب قذف بنت جزائراية تحا بنت بلد رفو,positif,positif
hhhhhhhhhhhhhhhhhhhhhhhhhhhhhhhhhhhhhhhhhhhhhhhhhhhhhhhhhhhhhhhhhhhhhhh hhhhhhhhhhhhhhhhhhhhhhhhhhhhhhhhhhhhhhhhhhhhhhhhhhhhhhhhhhhhhhhhhhhhhhhhhhhhhhhhhhhhhhhhhhhhhhhhhhhhhhhhhhhhhhhhhhhhhhhhhhhhhhhhhhhhhhhhhhhhhhhhhhhhhhhhhhhhhhhhhhhhhhhhhhhhhhhhhhhhhhhhhhhhhhhhhhhhhhhhhhhhhhhhhhhhhhhhhhhhhhhhhhhhhhhhhhhhhhhhhhhhhhhhhhhhhhhhhhhhhhhhhhhhhhhhhhhhhhhhhhhhhhhhhhhhhhhhhhhhhhhhhhhhhhhhhhhhhhhhhhhhhhhhhhhhhhhhhhhhhhhhhhhhhhhhhhhhhhhhhhhhhhhhhhhhhhhhhhhhhhhhhhhhhhhhhhhhhhhhhhhhhhhhhhhhhhhhhhhhhhhhhhhhhhhhhhhhhhhhhhhhhhhhhhhhhhhhhhhhhhhhhhhhhhhhhhhhhhhhhhhhhhhhhhhhhhhhhhhhhhhhhhhhhhhhhhhhhhhhhhhhhhhhhhhhhhhhhhhhhhhhhhhhhhhhhhhhhhhhhhhhhhhhhhhhhhhhhhhhhhhhhhhhhhhhhhhhhhhh hhhhhhhhhhhhhhhhhhhhhhhhhhhhhhhhhhhhhhhhhhhhhhhhhhhhhhhhhhhhhhhhhhhhhhhhhhhhhhhhhhhhhhhhhhhhhhhhhhhhhhhhhhhhhhhhhhhhhhhhhhhhhhhhhhhhhhhhhhhhhhhhhhhhhhhhhhhhhhhhhhhhhhhhhhhhhhhhhhhhhhhhhhhhhhhhhhhhhhhhhhhhhhhhhhhhhhhhhhhhhhhhhhhhhhhhhhhhhhhhhhhhhhhhhhhhhhhhhhhhhhhhhhhhhhhhhhhhhhhhhhhhhhhhhhhhhhhhhhhhhhhhhhhhhhhhhhhhhhhhhhhhhhhhhhhhhhhhhhhhhhhhhhhhhhhhhhhhhhhhhhhhhhhhhhhhhhhhhhhhhhhhhhhhhhhhhhhhhhhhhhhhhhhhhhhhhhhhhhhhhhhhhhhhhhhhhhhhhhhhhhhhhhhhhhhhhhhhhhhhhhhhhhhhhhhhhhhhhhhhhhhhhhhhhhhhhhhhhhhhhhhhhhhhhhhhhhhhhhhhhhhhhhhhhhhhhhhhhhhhhhhhhhhhhhhhhhhhhhhhhhhhhhhhhhhhhhhhhhhh,positif,positif
حمد تشب لتع ديزاد جوكر نون la voix,positif,neutre
il est où latelier adresse téléphone svp,neutre,neutre
برك الل روح سؤل شرف ولد جزر شرفاء,neutre,positif
حرش وهو حرشو بنس حلب اك فهم خخ,négatif,négatif
نال حدل شعل نحب عمر فنن نجح جال فني علم,positif,positif
ساد كبر تحة,positif,positif
بيه ڨجر هذي تكل روح,négatif,négatif
اخي شرح ظهر هلل نجم قمر اخي كوكب فهو قرص شفف ونا رأت نفس ظهر قمركوكب بمء نجم جنب قمر وهذا حدث تقل يمكن ان نخذ كدليل غرب ونس حدد عرف كذب يمكن صدق,neutre,neutre
تفه الل ربح حصة فشل نحي سيس ملء فرغ عمل فنة حرم مثل محترميندخلتو بيت حاب طيحو قدر بكل طرق خمج,négatif,négatif
jadore bon continuation salem men annaba,positif,positif
قسنط عظم جزر يتق كلم نسى انك طبل عصب,négatif,négatif
شاء الل ربي,positif,positif
هدي قدم بصت لخش تقل رها دبز طلعو يفو شوي,négatif,négatif
نتو فوووووور تيب,positif,positif
amazing acting guys keep going,positif,neutre
برك ولل رحتل صمصوم قلب,positif,positif
ربي يشف ظغط ولد فجر,positif,positif
تحا ومب طبب يقل حل فمك 200الف قلك هذا قرايتو ومب شعلو شاليمو يشف عندو يقل دخل خدم,négatif,neutre
الل يبر اشء الل يما تبن عقل,positif,positif
قرقور خير,négatif,négatif
بني حوء قلت مشي صح احن خير منك وبن بني حوا ستر خير منك اذا عيش تحت ارض انت ركي قرض زمن ديناصوور مشي هكا ندر خير انت ركي دير شر روح دير لخر لنس,négatif,négatif
الف خمسۃ مٸۃ لیر دولار سایككحون اجل عجل وان لحق یهم وخذ الل الی جهنم لحق ذلل ولد ولد ولد یحسب,neutre,négatif
نعم عار بوه عدة ازغ عمه صلح ذهرغير صلح كبر فسد,négatif,négatif
اول خطر نشف رأة ثقف هدر رزن عرف شرع ربي شاء الل ربي حفظ ولل دي هدلو هدل ههه,positif,positif
ديم شكر,positif,positif
قتربوش لمذ شرح درس سبر خرج اتق الل نفس جزا الل خير,positif,neutre
abdou la classe khoya,positif,positif
شاء الل الف برك جمع,positif,positif
خوا ريك a51,neutre,neutre
شكر جزل قلب دكتور قسم,positif,positif
ولل نتا هيل,positif,positif
يدي يلف شلل تمس كعب,positif,positif
انك رقص رقص حرف,neutre,positif
شاء الل ربي يبر هرب قدر فعل خير شاء الل,positif,positif
ربي يخل,positif,positif
عريس اليوم سغل عجز سغل لوس جمع جنب ماد عنو عندمايكبر ولد ادر رجل خوتتو الل خرجو غرق,neutre,négatif
كرم شرق ونس شرق زعماء,négatif,positif
علق حلل ريض,négatif,neutre
لحل قوة بلل ظلم هد حكم ديب زرق هدل شعب جزر يستحمرنه الل يخد فهم لحق,neutre,négatif
كيد نحر شاء الل طلب دول ان فصل عدو جزر نهئ عدو لدد حذر سمح قرب ارض شهداء,négatif,neutre
هه ضحكو غرب ايي شي يخص فن جزر قلل ركم قلدو فين,positif,neutre
ام ولد روع نبغ بزف,positif,positif
خخخخخخ,neutre,neutre
قلك عشر عشر صرفو 30 ملي,neutre,neutre
رشح قنت رئع لإب عمي امس,positif,positif
وغا هدي جاء خرج عله مهدرتش تبع جمع كاشير دزير سلم بتو يكو لهي حسب عاش خرج مهم شرع تعو شخص حسب حدو عله مهدرتش قرى وبل سرقش داش دورو دزير حرك خاب ضني تحا نكز,neutre,négatif
كتب ترجم عرب,neutre,neutre
حشا روح تعط,négatif,négatif
هدا سخر ماش قري,négatif,négatif
الل حفظ عذر شيم كبر,positif,positif
زين عمر يرح هدل ههه,négatif,neutre
عرف باب واد,neutre,neutre
عقداش يبد,neutre,neutre
صنع 40 لير كلو 400 لير,neutre,neutre
نقش ميتافيزيقي هههههههه قرع كذب,négatif,négatif
اني ولل عند عقد كلز ريض,neutre,neutre
respect madame,positif,positif
اشء الل برك الل لهم جعل قرء ربع قلب ونر صدر جلء حزن ذهب همم,positif,positif
ياا يلغ قرآ دلو رخص الل ستع,négatif,négatif
ولد كلو كيل ربي خلص,neutre,négatif
مسك ماقالش هاد هدر كدبو عيه,négatif,négatif
دره مونتاج,positif,neutre
فتح غرس نبغ,neutre,positif
تحا شفف لخر وتح جزر تحا جيش وطن شعب مجد خلد شهداء برر عقد عزم ان تحا جزر,positif,positif
جيبول غي نقش قحب فtv رب علي لحم تشك فن إبداع وسيناريو كرث short film لخص حكي يسج وعر بزف فهم وعش داك وقت ربا بلد نمي ولل تقل هولويود مكن انه قلل فكر كبر صدق حمد لله تيب ناس رها بدع رسل فكر عمل رئع لكن جات حكم قتل شبب اسف شدد اخف عظم,positif,négatif
جبه زنق طرق مهر,neutre,neutre
ولل رأة هذي صنديد صح سكن دمع طيحتهالي وبا فحل وبن فمل ربي كثر ثال,positif,positif
félicitations pour ton diplôme,positif,positif
جحم كلم فرغ الل ربح شات عصب وجء عصب خرى اجع,négatif,négatif
كيكد حط ثلج نورمالمو ولد حبب على رفع وبل كيكد ثلج برح,neutre,neutre
هاو هاو هاو بحو كلب اتر نفق كدب غرب كتس زعمو ربح ربح رجع صحر شرق غرب جزير حلا,négatif,négatif
روح تعط جيش قيد رهم فاهم يقل مثل صري سمن عسل ورب يشف رئس,négatif,négatif
خوا تعش جوب عند بكالوريا2019 سجل وقر شهر ابر مكملتش ابوندونيت عود باك مي جبتو قل خفت كون منسجلش باك جدد روحل علابال بلي قعد سما دخل وقع خير خصص اسس سجل بلو كمل باك قدم مي قلتل باك كون سجلش قعدل ندم جلتو كون منأكدش رغب سجل اوتوماتيكمو منتسجلش,neutre,neutre
هاذكلهبسببالبعدعنالدينقالرسولاللهالحموالموتالحجابتطبيقالشرعكيفلاخيكانيدخلالىالبيتويتكلمويضحكويزعقمعزوجتكفيوجودكهاهوالخطء,positif,neutre
يسم عيش خون بلد خرط,négatif,négatif
سلم حقن وست نتج ايم ورت اني اخذ جرب بنت اخي رتد ماتفسير علم ان جرب بيض رسم كحل,neutre,neutre
zidou dirona les video te3 les challenge,neutre,neutre
3la 7sab wch 3nd material nrmlmnt t5dm montage ma 5ir bl bzzzf but its ok bro tt3lm w tzid m3a el w9t,neutre,neutre
تحا جزر ورب حفظ جيش وطن شعب,positif,positif
ولل حشمو,négatif,négatif
بصح طلي طيبو زيت زيت,positif,neutre
حرك حرك حرك,négatif,positif
دخل جزر طرطور,négatif,négatif
ربي فرج حبب شاء الل ربي يعض درهم 37 سنة ولل مانعرف لير دير ابل 40 لير,neutre,neutre
ههه فور ربي كمل,positif,positif
ههي ربي قلو اسك,négatif,négatif
بدو انه يتم طلق سرح جمع لسل يرد عبر تطى حدث سرح لحن رفع قضة لقض سمء ظلم عند احد نطل حيل دستور ادة قنن قون جئر حسب الل وكل كفى بلل قاض اخذ لحق,neutre,négatif
برك الل خوا ربي حفظ جهد حقق قدم ان شاء الل ميد,positif,positif
الل رحم وسع شلا شير ولو قلو رمل حمبو تجي خمم عقل حبس,positif,négatif
عدل قتل ضحك يخط رحت يسو,neutre,positif
اخت علي بن علي,neutre,négatif
كون ماجيناش فسد رمض نور حسب الل نعم وكل وجه لذل,positif,négatif
ولل خرج لنص طول الل غلط خلص نقط سطر بن قصديرةهذو رهم خربو بلد لمد 20 سنةوالله نهم خطر رهب قتل فهم راس قصدير صنن,négatif,négatif
اخر جرد سلسل,positif,neutre
لمذ عشق حدث لغة قاوريةلو حدث لغة عرب امازيغية سوه لكن فضل منى,neutre,neutre
al djabha lazam twali mounathama li koul aldjazairiyin li al amri bi al maarouf wa nahyi an al mounkar fiha koul al khayirin taa al djazair khassatan al moutakaidin min kouli al fiat li tarbiyat wa taslim alkafaa fi djamia al madjalat bi al madjan dakatra mouhandissin moualimin tabakhin wa wa koul al maarif li chabab machi thad kouthrat al djazairiyin,négatif,neutre
لزم عدم سحة عمم,négatif,négatif
merci a toi monsieur le président rebie yehfdek nchalah tu et le per de tou les algerien bon courage à toi rebie i9edrek nchalah,positif,positif
جرب جات هيل يعط صحة ولد وصف خرجول نجح 100 حمر وجه,positif,positif
تحا ساذ عرب ربي حفظ,positif,positif
قنة وحد جزر تمل حتى هدف عني لكن حڤر,négatif,positif
رخس شحل عطك تشيتيلورخيس عندو لسن طول دفع روحو,négatif,négatif
تبن زور جبه عسكر اكنش شرع شعب حرر قرر دول دني,négatif,négatif
حوج ينا قاتلو يغر خمج هدي نحو منا,neutre,négatif
لهم صن جزر شعب,positif,positif
الل يعط بخص وجه بخص شود,négatif,négatif
سود علش,neutre,neutre
اوه سي ميلانو مرا ماراهيش شيكور عكس رهي رمد تكل زبي,négatif,positif
سبح الل حول قوه الا بلل راه عند مرض عقل اشي عندوش طفل يكل عضو لدو حيو قلب عند الل ستر صلة دعء خلي الل رزق يشء,neutre,positif
عجب,positif,positif
خوت خيت يحب عرف وصف سعر هتف جزر هتف ايف سونغ شوم دخلو عند لقو جمع سعر هتف وصف نتع هتف,neutre,neutre
ضربو حبش ربو قلل,négatif,négatif
نوض تقر برك الل ساذ جزك الل الف خير,positif,positif
سلم بن عطة ثقف حرم رزن قمة صوت صوت ربي حفظ سوء تحا جزر غلي,neutre,positif
ههههاضحك ولل قنة علم لقة قلم جدك نسب شهد ضئييييلة جدا قرن حرر جزر ثور جدد ماخرجاتش كنولوج رهي تعر,neutre,négatif
خوت دعل برى رجل مرض خطر ورب حفظ,positif,positif
ay ronya bazaf chaba chkoun romarkaha,positif,positif
سلم خوا جمل فدو الل يبر عجب بزف وزد هدرش اجي سمط وحن مبع ولف بصت نشط معو فدو هدا خاصتو درن ويل هبل حين مهم ربي يعط صحة زيد بدع,positif,positif
رب حفظ بلا دنا vous honorez lalgerie,positif,positif
يود غلق هدك برح بين انس اشي حرم,négatif,négatif
مانحملهاش هيم لصح قلب ومايريدبالباراكا,négatif,négatif
شكن,neutre,neutre
costume des annee 1856,négatif,négatif
ربي وكل ان شاء الل حقن اذا ماديناهش فدن ندو لخر حمدلل ربي سبح ردا شرا بلد ربي ستر بلد يحم وجه شر ان شاء الل,positif,négatif
ربي اكن عون عيل وجد كثر مسا فرغ قرى دشر قرب برج لمذ بحث سكن ليق بد سكن قبر ناس ترد سكن دين,négatif,positif
رب شعب ذلل حشمش شخص خسرول بلد,négatif,négatif
حيا الل حرر اخ دين فلي اذا خرق حرك جنح سمى ناش اشي بعد,positif,positif
ظهر فسد لبر بحر كسب ايد ناس يدق عملو لعل رجع,positif,neutre
نكل يد اخ نرس ولل روع روع,positif,positif
comment ont peut marier une fille a 16 ans nimporte quoi,négatif,négatif
سمع صدف راديو دخل نشف زوي بزف حست بصح ماشفوهاش عشوهاش,neutre,positif
لهم سأل الل احد صمد يلد ولد يكن كفا احد اشف شفي شفء الا شفك شفء غدر سقم غفر انك غفر رحم,positif,positif
2020 woow 3erfthoum kaml ms wlh mashi b sahel hfada w fhamaa w hmdulh,positif,neutre
خوا انس ولل جيت وقت رني حاب نشر,neutre,neutre
عقل واضع سطع فهم حدث عنه ابن ولي كبر,positif,positif
سلم الل سي امر دز ةلل حفض شر اخك الل غرب,positif,positif
شحل صوت شبب الل يبر حلم,positif,positif
خوا ربي حفظ شلل صحيتو ولل رحل فالشبااب كثرولناا نهم بار الل,positif,positif
حول غرب رهم حرو,négatif,neutre
طير لحر يطح ميتخبطش وصي,négatif,neutre
قرب دير شوك احس نضف سكر ومندخلهش عسل يجي هيل,neutre,neutre
فرح رخس,négatif,négatif
ماشاءالله برك الل ام ولد وصف لكل هيل,positif,positif
poffffff la mejor,positif,neutre
عند كلب لوك تبع هدر 5ملاير منبيعوش وتع لجدارمية داو بور هذي كبر كذب علم,positif,négatif
شكر مجهوداتك ساد,positif,positif
نور الل قلب,positif,positif
برك حبب يتستاهلي انك شرك هذي قنة سمر tv وفق ان شاء الل,positif,positif
مرض كبر روحو عدو حقق يسج قوي ولي همو يكون وطن مثل بطل رحم الل بيه قضء حرك زوف رخس شكم وبل نزد اسم عند ديووووثي باع لدو باع دينو ولل كبر وتح جزر شمخ شمخ جبل,négatif,positif
قصف ارض جو زال هدرو رهب لطو هههههههههه,négatif,négatif
عرض معك اول شبك فقط مثل شبك جيل ربع ثلث فقط جسس قلت لمر شري خدم ثان ليه شرك رفض لان كلف جدا حطو برج كثر قرب نسب منى وفر هالشب سرع خصه انه دبل 4 100 مره جرد وضح محد قدر يتح يخذ معلوماتك جلك حمي,neutre,neutre
khadmou bikoum al harka wsarakine bach aderou bikoum al fawoida,négatif,négatif
elle est très mignonnette et gentille mashalleh maroua,positif,positif
الل حفظ دكتور نضل,positif,positif
شكر دكتور منت وقت حلق تفد شكل كبر,positif,positif
رغم صوت رأة عور يجز ظهر فضي صوت ستى طلب وصت ثوي قرآ كرم بصت رجل خير,neutre,neutre
خصئ نفس تبا هبل قعد تبا خصك طبب لزم عرف حترم حور اشي زدم هدر ان شاء الل تكون اخر مرة نشف حصة,négatif,négatif
tozz ya mouzawirine ya diktatouriyine ya lehassine ya mouchawihine li tarikh el djazair wa tarikh fakhamate chaab wa 45 malioune djazairi moundhou 1962 ya oubad lcadre ya houkoumate el cocaïne ya oubad el ouhda4wa5 bidoune chariiya ya sarakine ya nehabine li tharawate el djazairiyine el hakikiyine el ahrar noubala ya el moustaamirine el djoudoud moundhou 1962,négatif,négatif
ولي خدم يوم يدر,positif,neutre
روع,positif,positif
vive algérie et vive changriha et vive teboun et vive palestine,positif,positif
تحا جزير تحا جيش وطن شعب,positif,positif
درس قسي لمن يقم نصف ثور يعد بيت درس قسي لمن يثق جنرل درس قسي لمن صبر ثبر درس قسي لمن كرر نفس خطأ علم ارخ جزر مر ولت,neutre,négatif
bla bla bla chitane,négatif,négatif
ههه يخو هبل ههه الل برك ولد بلد يعط صحةرب وفق,positif,positif
مهم روح تعط,négatif,négatif
حكم رهب جنرل كوك نهب مال شعب ولد قحب,négatif,négatif
bonsoir amir je veux vous poser une question,positif,neutre
دعل ندي باك قولو 40 دعة غرب جاب عيشو شاء الل,neutre,positif
ارد وصف كرفاج فرن حوس عليها فاليوتوب ملقيتهاش زيد دير فضل,neutre,neutre
اه سي سمر نفخ روح ببا يفق تضح ذيك ضحك سمم لطف تدن تدن رآه زوج ولد,négatif,négatif
زطل رئس بلد قصب نهر قعد كرس زدش بان طحو عمر بزف ولل جا وشف ناس عانيو منو همش سكن قصب رحل عرف ان شاء لله حكم أخد هاد سرق لخا عين عبر,neutre,négatif
الل رهم يكو شعب عدي,négatif,négatif
جيت زوم,positif,neutre
ربي رحمو جعل ثوه جنة ان شاء الل يرب,positif,positif
برك الل شيخ ثقت كبر,positif,positif
جيت اضح طلع,neutre,positif
ترك صومال بكس دربيج قظر ولب جيبو ورس قوه,neutre,neutre
عيشو كتبول مقادير ريش عصر رتقال كيك بلا ميز عبر مش ڨرم تعييييشووو حبة جرب,neutre,neutre
هدا وشب,neutre,neutre
بسم الل اشء الل تخر ماينقص نهض بهذا وطن سلط ضوء صحب كفء منى وفق نجح قبل,positif,positif
طلب شحت شتق ركب طئر الل اذل لذل لرك,négatif,négatif
très bonne,positif,positif
ديرل رجع poco x3 nfc,neutre,neutre
ماجابوهاش رجل طببو نسا لعن الل قوم راس مرأ,négatif,négatif
وجي وحد شبة سهم شتم حول قوة الا با الل يرب احم طبئ,positif,positif
yawe kiwe,positif,négatif
شرع رىع ربح,négatif,positif
مافهمش فئد هذو ولل تبق دهش جهر عصة اذا بلي عصي ترو قنة شرق مشي انت زعمى قدم مزامير دود رني غلط خطر مخي حبس,négatif,négatif
حمدلل حمد كثر طيب برك بأس طهر شاء الل,positif,positif
واه بصح شفت شجعو بلج كونطر دزير يماشجعوناش كاس فرق كنو نغل قلب قلب سمع بود دزو حرز هدر لصح روحو قودو,neutre,négatif
خبر شعب ببع غاز لاسرائيل 2014,négatif,neutre
علم جزر يخف كلم غرب خار كلم خزن نتم علم غبي جهل يهد فضل عصب رهب قتل شعب جزر 10 ودء,négatif,négatif
عند كلم حمر سمع حمر صدق حمر أعلم جمع حمر,négatif,négatif
ددح اول كسل زدت دخل سمر مهم ربي وفق,positif,neutre
برك الل شكر لاو شرط,positif,positif
قفل تسر ودئ كلب نبح جرت عدة,négatif,négatif
شاء الل تحا جزر وتح لمض نخب وطن شعب قهر فرق كسك كلومب,positif,positif
يعط صحة وصل كمل شعب كمل تفق كلم نهي مايتراجع مابقالهمش بزف خرج خرج,positif,neutre
بنل خدم خبر رهم خرجو دعي وتب مات,neutre,négatif
مون منحبوهاش بزف,négatif,négatif
سبر يبا تم طلق ياب,neutre,neutre
شكر ولف شكر ربي حفض سمر,positif,positif
كلم يجب حال بذل جهد نجح,positif,positif
merouaaa khir manak wllah hram alikk ki khd3thaa,négatif,négatif
نسب عنو كلر 2020 كلر سطر تمز لهد سنة جدر واستحقاق تحة لكل تفق أتمنى نفع الل بلد عبد جعل دخر بلد تفق اول نسب هنة طير pilote ودل لرز نسب دبلوماسية ايض لنه اشء الل فصح لسن تفق ثني نسب هنة لطب ودل لأن حسس ادن تحس رضى تفق ثلث نسب ريض علم الي ودل لأن exact جبا,neutre,positif
yal khayen wallah matahchem,négatif,négatif
اه يطح سرق شيخ سرق وفي اخر رشو حرش رئس حزب ج ت شهداء ولو الس راق الل خرج سجن حسب الل نعم وكل فضح ربي كبر,négatif,négatif
لهم انن سلك حسن ختم,positif,positif
سطر,positif,positif
je te déteste ya tahane pedophile ya mediouni rkhiss,négatif,négatif
امط ولل صوت زعج وتهدربزاف قلق يمن سمط,négatif,négatif
شاء الل لين برك الل بدع رنمج حلى حضر,positif,positif
خضر برش رخس مين عرف جنبو قلو ربم نقد حفز لنه جمع اجر وبن شيخ وبوحنيكة وهم رخس كثر لطو صرف صحي وال غلقو افم سيد,négatif,négatif
منع بيع خدر جزئ سمج ببع جمل يأت خرج هههههههه اسك تقل حرم,négatif,négatif
شكر ساذ تحا,positif,positif
صح لحق شفت صرف لئق خطر ربي يجب خير,positif,négatif
sofiane les hommes les hommes les hommmes سفي خوا احب الل,positif,positif
شكم جوم,négatif,négatif
تهن رءس ادم جزءر جرت,positif,positif
شكر فدو رئع نصح همة لتى قدم,positif,positif
bravo toujours debout vive lalgérie libre et démocratie madania machi kasirrna busnasaia ou lalgérie machi milkya ckassa lahyarham chouhada lmaghdorin de aban jusqua boudiaf lutte continue,négatif,positif
تحا اخي خبب لمس جزر,positif,positif
125 غ رغر زوج غرف كبر سكر رطب زيت زوج غرف كبر بيض كمل خلط كلش فرن حسب حجة خمر حلى غرف صغر 5 غ عمل لمل ثقب رشط نحط معج نزد طبق عجن فوق طيبو حمر درج 180,neutre,neutre
مكن كلم,neutre,neutre
نمت موك صيب غنة روع كواليس حلى بزف,positif,positif
عدوى أصل ولد امل اشء الل ومش عنصر,positif,positif
هوش قدر سؤل يخل ناس قدر يرو امر وضع رهو كرث شفي عيد خصة حكم عبر ولي عدم قدر تسر سؤل يوك حلة تمر هكد بؤر صبح اطر صيح ضرر,positif,neutre
لوم علل دخل لفز خدم خسر,négatif,négatif
سي نون رجع شلح طرش,neutre,négatif
رضي خئن كتبانل خلع شرول دار بحل هاد خين كري,négatif,négatif
تحا امن قرر بلد,positif,positif
رنمج تفه بقر حلب ميخرجش عليها دور نتو تفه عقد تخلف أهل كهف قلبتو دنا ه جيت نشف حجة متستهال خرو خمج كره تفه كبر شعب غبي تخلف علم,négatif,négatif
ربن مهل همل جزر ديم حرض رئس سيس الآ ذوق نفس كاس جزر حرب هلي قسم جزر قدم قرب حال ولل علم,neutre,négatif
وهب,positif,positif
حله2,positif,positif
لطف زلتو ينو وجه ههههههههههههههه,négatif,négatif
عرفو وطن نتوماياو فقو,négatif,négatif
بسم الل صلة سلم رسل الل دائ انب لحس قصع نهم همز ون حمر ختف ورء ردع نهم يحب قرر بلد عظم,positif,neutre
ربي رحمو وسع يعط صبر لخل دوج,positif,positif
فور ولد بلد,positif,positif
اعط نصف ثقة انس نفس هدف أغزو علم,positif,positif
maalabalich hahaaaaaaaaaaaaaa jayha sah,neutre,positif
ساذ رجو سبع قبل ابد دول لوغرتمية,neutre,neutre
مان يطل قلب رئة أوروب اما رنس رحض سرق,négatif,négatif
يرب جبر خطر جمل دمع تحجر صمد وكأ حمل جبل,positif,négatif
ياي علا برك,négatif,positif
لخو طلق علا شوا وفق بدن الل,neutre,positif
ربي كبر قدر شيء,positif,positif
الل يشف يعف لهم قبل دعئ ايم عظم رفع داء علي سلم امن يرب علم,positif,positif
alf alf mabrouk ma fille allah yezidek nadjah ala nadjah we taâlouk,positif,positif
الل لقى,neutre,neutre
لطو زوج علا جال رني تبع ربح ذيب علي كيل ارج,neutre,positif
فله حبب كنت هيل هكا خدم كون خفف وعو ولد هلو فوز,positif,positif
قدر وصل ل2 لاي كثر,positif,neutre
دبز سمن قتل,négatif,négatif
وبن لفليطوكس رحم ديكم نمس مين خرج تني,négatif,négatif
الل حفظ شاء الل,positif,positif
ختل عقل ريض كذب,négatif,négatif
ولل فهم حجة همو عيش,négatif,neutre
ولل بين ولد فمل مسك حمد الل ببا خرج سلم ونا ربي شاء الل يعض خير,positif,positif
فدو جدد كتى,neutre,neutre
رئس حكم يلس ههه يعش وهم,négatif,négatif
الل عند علم جوب فضل عند ثلث مرض زمن وفي عمل قلل معندكش عطل استثنائية,neutre,neutre
مطلوبمنالاحرارالوحدةالسلمية صبرالثباتلانجاحالحراكالسلمي,positif,neutre
دقق خرج نقش جدد,négatif,négatif
منى شاف فرس رجع قنة سمر روع الل يبر,positif,positif
كذب خبر دستور لان طلب ابراهيمي قدم بدر جمع علماء سلم قدم مبادرةمنظمة جهد قدم مبادرةبن يتر قدم مبادرةلجنة حور رفض حول لفف ثور شاب جبتو حسب روحو جا عرسوالله علم طبل جنة حور خون شعب ارخ سجل صحف عار,négatif,négatif
يجي خدم خلطلو رخس,négatif,négatif
عرب اخة,positif,positif
nchlh telah9o w hna rana hena,neutre,positif
تحة جمهور قبيل فخم رىس هني,positif,positif
la meilleure chanson sms3tha f hyatiii toop mok saib,positif,positif
الل خسااااارة خدم هدي ماتلقاش شهر يحو قلو وهب برك الل روووع خجم هااايل ستى عيش جزر,positif,positif
فعل هدا ستا شيت ياعياشةتب عنصر عنصر عصب طلب شعب رحل عسكر عين تبن شعب يصت,négatif,négatif
حرم حشم قدر حرم مستوىكيف رقص راة وسط رجل امم ناس اهل جهل خلف وصف يغر الل بقم يغر نفس 2020 مازال جهل,neutre,négatif
سبح الل مصااادفة اخي فدت منك يوم أجتاز شهد كلر هاا الن لدي قنة تيب فيد منك مجااال شكر عمق قلب تحة,neutre,positif
vous croyez vraiment cest bensalah qui a suspendu sa retraite pourquoi tu hésite de citer le nom du vrai décideur donc toute ta plaidoirie est un vrai mensonge quen croit pas,positif,négatif
كدب فلج فاء قاع سسه بلد شعب اشي عكم صحب شكر خبث,négatif,négatif
حبس ترم حزڨ تحو حدد روحو قودو نتو بلد صهي فتح حدد دخلو سيد محل عندكمش كرم شهم سؤل بقى طرح قتش ولو رجل,négatif,négatif
جمل قنة وحل قنة ونا تبع الف شكر سمر امم,négatif,positif
اشء الل رب سرك شيخ,positif,positif
الل نجح شاء الل وفق جمع,positif,positif
سلم خوا دين فلايڨولت غرب جمع حدد طحن,négatif,négatif
حمد لله سلم الل حفظ وفق شور,positif,positif
bravo rifka,positif,positif
هيم نحس هدر تصنع,négatif,négatif
هوم هنو منا,neutre,négatif
linternet tkoupiwha wetkoul dawlat kanoun,positif,négatif
اعط عنو سيد فضل,neutre,neutre
حرز الل حفض الل يحم الل نصر عدو,positif,positif
قسم بلل بكا كلب حرق ربي فرج ومن القر صغار قلب رفد محا كبار,négatif,positif
نعد نرك ههه,neutre,neutre
خبو زيدو عليها,négatif,négatif
حبس شهد شيء لمذ زور شيء نتم فعل صحف قفل تسر كلب نبح,négatif,négatif
عام فات ربي رحم يرب غضت بزف ربي صبر ديه,positif,positif
يجب منع سمم سوء رخص وبد رخص,négatif,neutre
هههههههههههه هههههههههههه هههههههههههه هههههههههههه هههههههههههه هههههههههههه هههههههههههه هههههههههههه موت ضحك ولل,positif,neutre
خوا جمل ولل انت فخر جزر شاء الل ورب حفض,positif,positif
غرب علق قوة امر رنس صين دول تقدم جزر عند علق بوليخايو زول طير شكل تقع,négatif,neutre
sah f bac,neutre,neutre
عطيزم,positif,négatif
سلم اخي انس ريك سونغ m 01s سحق شرء مثل سونغ a10s شكن سحق شرء رد علي اخي رني حتج جبة,neutre,neutre
هههههههههه جمع زيطوط,négatif,négatif
مافهمتش شرو حصص,négatif,négatif
هههههههه اشك ونس طبع ههه كلكم خون ونس راح طبع خدع دول وحد طبع كين صهو جزر,négatif,négatif
نحب زوج بزف سكو لقت بزف حجت تمن قلب ربي يخل بعض,positif,positif
دمع عين ولل فكر صغر اليوم حمد لله يرب رفو موح طلع يفو,négatif,négatif
حزب نحى يكف كذب نفق بقى حزب اصل ارخ جيل قدم تحف حرم,négatif,négatif
عله كذب عله,neutre,négatif
جمل ان شاء الل تكون بخر كوراج,positif,positif
نحو قاع تبن زور جبه عسكر شرع نحو,négatif,négatif
شعب جزر فم قدرش حرر روحو حاب حرر لسط هههههههه ركو م مني رحم ببا,positif,négatif
قصد تطر فى ظل جنرال قهة سكر عدل تلف بنك خورطى,négatif,négatif
يعط سكن عندو 6 ولد وام تسم 4سن يجي يبك بتي يقل ديق,négatif,négatif
هاد قلش ودن سكر عبريد تسخ طبل عسكر,négatif,négatif
عشق قنة مواضيع متع فيد اخي وصل وفق,positif,positif
يمت يمك حلا جمل شخص شفت نور لطو,positif,positif
جبدو سمو توع,neutre,neutre
شكر كثر عالفيديو هاد اجا قتو اني مو كلر,positif,positif
شئ جان رنس غبياء il nest même pas capable de prononcer une phrase juste en français cet analphabète et bizarrement est accepté dans un stage question reste posée,négatif,négatif
انم امم خلق ان ذهب حلق ذهب اين شرع الل اول لبب الا فكر صبح انم نفس ذوي طبق شرع الل ردع فسد ارض لهم حسن خلق شبب سلم,positif,positif
امن امن فمك ربي,positif,positif
هلو ديكم خوت,positif,positif
rabi yhevdk weld bladi,positif,positif
حمد لله رجل ازل قيم معو شوفو رجل فحل خلصو شءم زرعاتو فين عصب سنن طول الل تلق سرح سجن ريء ضلم الل رحم شهداء برر لهم نصر قوم ضلم اله الا الل حمد رسل الل صل الل سلم تسل كثر برك الل حرر شرفتو,neutre,positif
كمل قلت صحح للف شدد ناس تمش خبث,négatif,négatif
علق مهم جدا اخي امر يخص صوف بن لمن لره هجم حرر وهي اكد دبر خبر وفي هدا يدو اخر لره هجم حرك رشد بقة اضن خبر خطط قتل حصلو حرك رشد وهي رهي غفل ولل علم قرء علق رطج شكر خبر رهي لعب لعب وفي اخر تصف,négatif,négatif
جمل لحظ هذي حلق شاف امو وحض ولل فرح بزاففففف يرب جمع يرب اهد طفل رجع رجل بار لمه,positif,positif
اشء الل خوا جمل ربي قدر,positif,positif
ايم ناس لاح سيت ايم رمض هيل,neutre,positif
سوولكينع عطي نقش جمعتو تخر رنس,négatif,négatif
تمز قبل رية زيغ دعة فرق مالهدف رفع رية حرك الس ميز فرق فرق,neutre,négatif
دول تتج علم اخر لبن سود جرى ارخ علم عطلو شيء فرغ,positif,neutre
جمل هدف وخل قلة حيء برك الل,positif,positif
زدم زدم عيل خرط كلم كلم معجبكش نتا فهم عمى درتو,négatif,négatif
فضح جلجل زرب رتب ثني دعر,négatif,négatif
شجع قدس شخص قلد نصب رفع ستى عمل وخن سرق قتل قتل 200 الف شخص شعب جزر خصة انه فى صف جيش رنس قبل قلل وضد جهد وضد قلل سحي تفه فسد دفع لمع جعل بطل غور سحق يدل نفق كذب خدع رزق,négatif,négatif
dok yechof la video hadi tetnak 3lik yal3atay,négatif,négatif
m3amar bel khra na9i rohek 9bel,négatif,négatif
نمت عليها,positif,positif
houkoumete khorti dégage,négatif,négatif
bitawfik mabrouk,positif,positif
تهل خير ساذ ربي نجح شاء الل,positif,positif
vraiment magnifique bravo,positif,positif
ولل الل حفض,positif,positif
ههه بين شمبر,neutre,positif
بزف شبة عقل ترب لاك الل برك عليها بصح صحف ففف وجه قزدر عيت حمل,positif,positif
همتش رجل يحب طلق طلق عدي راة تحب طلق صعب طلق,neutre,neutre
اين سفر عرب اه عذر سفر رنس ههه,neutre,neutre
شكر ام ولد وصف هيل ورع بزف,positif,positif
تحة كبر كبر بطل وتح حرر حرير تلك,négatif,positif
خبب روع روع روع خوا عزز وصل فضل شاء الل,positif,positif
ربم تطع رؤة لمح عبر قوقل ارث رغم طمس علم,neutre,neutre
ربي يشف يعف رجع سال وطن,positif,positif
لهم اشف شفي شفء الا شفء شفء غدر سقم,positif,positif
لهم رحم لهم ثبت سؤل عظم الل اجر لهم جعل زله جنة امن يرب علم صلة سلم سيد حمد على اله صحب جمع,positif,positif
رجء دعمو قنة اجل نجح فضل وليس امر,positif,neutre
جزر حول عجب يدم ناس كره حل عسر ضاق تسع يسر رحم تلو جزر سمى حرس بلل,positif,positif
frite omelette belbidh crème blehlib,positif,neutre
جمل سلم جمل سلم علم,positif,positif
حسب الل نعم وكل اخي صبر شاء الل فرج عنك الل حدث امر عجب,positif,positif
بكر حتم علي شهد لفز جزر معى عئل عمر سمع عرض شخص حكم ورو ركم باغ ورو كينتفرج نڨل بلد رآه ليح خرج شرع نشف عكس خدم زدم ليم رني فرج تيب احي ازل نتو ورو حجة ليح حجة اشي ليح متهدروش عليها هدي قنت بكر نتع دول ككي نرح شفى نشف عجب طبء الل ميخدمو دخل رمل خمج زين شفت بعي لقت شفى فرغ خوا ريض خوا ألم صعب نفس زعف ڨعت نزڨ روح غرف شفى نتع طبء فرع باب لقت طبب يزن معى رمل طبب مخل رضى قايس انش نڨل طبء ولد امل لكن كتر الل ميخدمو كره خدم الآ تبن يدر قان يحم الم يكن احس صلح شفي عقب طبء دين تهو خدم قبل وضع قان يحم طبء يجب صلح ضد حكم جدد لكن نڨل رأي نتع الل يجب خير بلد,négatif,neutre
راح صوت قلقو,neutre,neutre
نرد فسر حلة وصل جزر فأن سؤل اول اخر ردئ حول بلد سيس سير فشل عدم كفئ حكم جرد طرا ووو خلص كلم نكم ستى طلب قيد بلد حجم جزر,négatif,négatif
حكم عنب تقل لتر,neutre,neutre
سلم فرق,négatif,neutre
قلق هد نشط تبن طلب,négatif,négatif
دنياساهلة لخر كفه,négatif,neutre
شكن دول تقدم خرج دبب واج كرن كذب تبن جيش خرج شفي يدن مشي دبب كذب,négatif,négatif
هدي ظهر اليوم,neutre,neutre
ضحكو كمل,neutre,neutre
حبب جماهير جزر بدن نزع,positif,positif
الل رحمو سرح كسكيط بغل قرر سبب حدث شبع قرط بنء يمت مرة احد علم لمد,négatif,négatif
هوش امن كذب,négatif,négatif
سلم ناس لره شتم ناس عصب حاب بقى يرد دوي لان عصب كبر مول كبر أكبر فخم فتر رهم راد دوي شعب راه فيق عصب جنرال دوي اكي وزر شاب بين خدم مايهدرش كثر ولل بين ولد أمل تحا رجل خلص بلد شهداء شكر,négatif,positif
اخر خوا بدع جمل نزل يدو,positif,positif
عاش ريف حرر,positif,positif
barak elahou fikom ana fehemt ga3 cherat ou men bejri kefen ta3kom ya léquipe top nm 1,négatif,positif
فاه عيشو قلل زال رقد حلم,négatif,négatif
يدو روع خوا يعط صحة شكر شار رحل متع لسل يدو صحر جزير قمة كتر جمل نظر ودق صور مونتاح ريع سحر كان وود زير قرب انش الل وفق خوا وجر قمة,positif,positif
zidouna part 2 w tooooop allah ybarek bon courage,positif,positif
خوا ابي زور حسي حبح ولي جلف شكل سكن 4 سنن زعش,neutre,neutre
بصح شكير وبل للا صقن شجر قعد ميتسرقوش وميتقطعوش ناس طيش رمل كبي نظف,neutre,neutre
quallah vous facilite et récompense inchallah tahia djazaïr tahia djich djazaïri muslim,positif,positif
بكا هدا خلق حمد الل ربي طيحو بنت امل,négatif,positif
هذا وشب عرب خلج طبع عدو خبث,négatif,négatif
سمع شيت ارو قدم نفض دخل ندف ارو ثني حرك شعب كبر دخل جزير يؤد جزر دمب ارو ثلث شدد طلب باستقلال قبل كفح سلح,négatif,négatif
ولل قطع قلب,négatif,négatif
اخا غني راب جزر صغر منى دعم,positif,neutre
الل ربح حرق مسا لكش نكم روحو حدد سلل ولد عبس يحى هدا سجو شكم,négatif,négatif
ghene3tni ya ehi baraka laho fik,positif,positif
تبع وهر نبغ خوي ان درلد رك وور تحي وهر نبغ خوي,neutre,positif
بن عمر خوا هدر زين الل حفظ,positif,positif
سمن وهو يقل صلحو شكل شكل تقن ووووالكذب ريدو شكل مايحشموش وجه قزدر الل رحم ببا تعط 333 ضرب مدة 40 دقق باه رفد تقل درك صلح شكل الل ربح ياأوريدو سرق,neutre,négatif
ليب تطر بطل افريقية2021 وصل ربع هيء اما عدل نقل قدر علي شوف نخب فرق احس تسو ورب سهل,neutre,neutre
makhassakche rajel hab yatzawaj,négatif,neutre
نكر ومانحبكش ومانتبعكش اسف لدك فئد ولس ثلي على ولاتسخدم فنك شيء فيد اسف,négatif,négatif
هبط انس قمر كذب وضح جدا حاج نفي غرض سيس نصر روس تلي نصر قصد ضخم علم قوة امر رهب علم صيطر,positif,négatif
وجد بلد فضل بلد,positif,positif
زمن قول مباقتش حشم لله يهد عبدو,négatif,neutre
ربي حفظ ستذ,positif,positif
عيش خوا امر شنو لحل بلد مخي ارك erreur ولل عيت خمم,négatif,neutre
الل نعل تفه,négatif,négatif
حسب الل نعم وكل سؤل ركم كلو نار كرش روحو ربي ربي خلص دنا قبل اخر فسد,négatif,négatif
عيش ديك مرة حيث,positif,neutre
حيك الل لحر ابن لحر شرف جزر ربي حفظ ارد رأك madina fly,positif,positif
ادر ولو بلد نكل جده وخن مال اجل سكت شعب خلص يهم هدر,négatif,négatif
ربي كثر مثل يخو,positif,positif
شكن جا لهن حلق احك حكي,neutre,neutre
ربي يشف يعف حفض ثعب ويك همت بعد ولد حرم سرق,positif,positif
رنمج بزف وور يسم الل برك بزف زللللل,positif,positif
قنة دير ذبب كترو خبر خرد فقن لصح برا كلب ذبب خرى خرج غدة الا ركم رجل عرف بلي ركم خزن ورء كمبيوتر خلص خبر خرد اطح حرك ولل قدر لان غبياء عندكمش ذكء انت اكل خرى الل نعل,négatif,négatif
يعط صحه دام بن برم سيت زوج خرجو هيل رتو قرط اول مره جحل وجا بنن يغس,positif,positif
بلد يكي حسب الل نعم وكل سؤل,négatif,négatif
شكل وصي حلل فرغ تقل رني قعد عمي سعد جار,négatif,négatif
el moujahidine esserakine,négatif,négatif
طهر شاء الل ربي يشف,positif,neutre
ماتكثرش ريكار زعطوط عمل بيع ضهرو,négatif,négatif
فرج جال يمي عجب بغو,neutre,positif
شكر رسل صفح بن سدر سند شعب صحراو حقق طلب قنن,positif,positif
دهش خطء قنن بدي وقع ضيف شيئ ؤسف غلط جهل شدد رجء شرف حصة لبد دعة سؤل ستى وزر عمر تدر فجع حصة,négatif,négatif
حول قوة الا بلل ستى وفي قنة رسم,neutre,négatif
خرو عزء حقد لعب برا دمه جزر سند قضه فلسطينيه علم جهي حول ضيق ربي فقو,positif,positif
اذا كانت امر حقا وصل قمر لمذ عمل رحل عده قمر,neutre,neutre
نمت عليها ايا سان جد ترب تحبش شكل حرم جون ربي يهن,positif,positif
جيح تكون ندم,négatif,négatif
خرنس زفي ذنب عصب فرح جتك خبر قرب عود عصب انه فقط ريب وتق سيس استراتيجية او خلص عليكوم عصب سيد خرج سجن ولت زير اغس,négatif,négatif
ماراكمش ديرو حلق جدد عيد مازدتوش درتو,neutre,neutre
9owa bzaf,positif,positif
اشء الل حبي شيخ ربي حفظ وزد حبت وحب ثقف ربي يطل وفي عمر عرف دير خطب عرف تصل جنز ههه عجب ربي يخل يخل علماء جزر ارب,positif,positif
تعن عتب,neutre,neutre
lzouj bhalil,positif,négatif
مي محل صطفى هدا حقد زوج سكر سمح كرم يحى درت علك,négatif,négatif
عجب جزر,positif,positif
يتو تضح ابئ جهد,neutre,neutre
hhhh yarhamwaldikom matkhadmouhch aw ghamtouna,neutre,positif
الل سحق وجه لشر تروتسكوية فسد ادر تول وسل علم بلا لهذ ديناصور بغض,négatif,négatif
salem 3la el ahrare,positif,positif
ماعليش ان شاء الل عقب ولي سرط ثني طيز وزو لهم حرق فلد اخر هلكو حرث نسل بلد حفد صهي,négatif,négatif
عظم الل اجر ان لله وان اليه رجع,positif,positif
سيد رئس تبن طلق ثور زرع درر نرس وكل ترب الط ولد بلد قدر شقا قسم لمحابسية هدك ضرب يمه وجي حبس اكل خرى رقد ويجيبولو لحض لحم هز جدهم طيش رقن بلة شمس,négatif,négatif
رهش روح سري روح لوك ترب طفل خرج كسي عري برهوشهفمك كبر,négatif,négatif
خوا منت قسم تعة شاء الل تحا يكم,positif,positif
oui je suis avec les joueurs professionnels elhaddaf elnahar ysabou fihoum wa ychakou f elwatania dyalhoum haram alihoum rabi yahdihoum,négatif,négatif
جربتو جني هيل تبع كمل خطا جزك الل خير امن صدق درتو مول موسكوتشو جا شاءالل طلع علل,positif,positif
طهر ان شاء الل شفا ولل ربي كون قلب وجع ربي علم,neutre,positif
الل عيب يكو بيه,négatif,négatif
hwaidji te3 el3id chkoun li3djbatou,négatif,neutre
لمذ ظهر ام حمد سدس رغم انه حية نكم عرف قصه ام ملك حمد سدس حرس شخص لحس ثني تقل خبر انو قتل يده ضبط وضع خلة حيء,neutre,neutre
سمع يقل شار رئس ياو قيو ولل حقن وقت هاف تعش بصح لقت طنو بعو,neutre,négatif
فسق قحب حدث عصم مي نتو حصلو قبيل نفق اه,négatif,négatif
اغن كتر كتر حلا,positif,positif
ahsan oghniya2020,positif,positif
شاء الل انس كنه يعط صحة,positif,positif
نتا وتف,négatif,positif
لهم فرج علي رزق حتسب يرب علم رحم,positif,positif
ربي يشف يعف يااااااااارب,positif,positif
rabi yekhalik nemoute 3lik,positif,positif
mashallah ala ebn shhal metrabi,positif,négatif
سلم ايد شف,positif,positif
ططا ددح حبب تبع ربي وفق يرب,positif,positif
وره عجز عرب كفف عمل نزا كبر ركز بحث علم علم لمذ دهش,positif,négatif
وشك لغن,neutre,neutre
ناس عيش ندق عسكر مسك بيت خندق برد جيع توحش ديه اخت ولد,positif,neutre
مجد خلد شهدائ ررل يمر يهد فوق رضي ملي نصف ملي شهد,neutre,positif
ان شال كورو تقس هنو,positif,négatif
ولد قلع vive usma,positif,positif
shikooooor,positif,positif
قبل لحظ اقل شاء الل برك الل تحف علم جسد عرب سلم شعب جزر لحظ سبع شهر ناس طلب فتح سجد اليوم سمح بعض نهم شهد مصل خصة سجد كبر عمل قنع طرق صحح غطء انف وجه حمل قنع رقب يرس يصب دخل رقب دور امم خطب ينب مصل رتد قنع طرق صحح كرر رات رات شكر,neutre,positif
مام هذا جيجل هبل نرف مي ناش نتع رزن ناش ثقل هذو وقف غلط يكل وين سان نهو صبر وين ربي صبر لأن شعب تخلف رصو نتع عنف ةمطرڨ هذا صلحو ففف,neutre,négatif
عرف صدق عدو جمهور صين شيع رسل سعد يمر عرب رسل رزق ليب وفي عز كورو,neutre,neutre
ذيع هاد زوج هلو,négatif,neutre
متز ارد ان عرف اهي دين اذ امك,positif,neutre
حمي جني ضعف زاف حصة ليف لهد ربي حفظو سرو لغة تعو رقي بزف دخل تعو دائ قمة,négatif,positif
ربي حفظ ويخلليلك ولد حفظ,positif,positif
ربي رحم جمل ويس فسح جنت,positif,positif
فور لطف,positif,positif
خوا جمل تعديثعلي قلم,positif,neutre
قلع تحك عليها ههه روح تعط,négatif,négatif
فضل سيد رئس عبد جيد تبن فتح عقد زوج منع عرس راح ناس تزج بلا دير عرس,positif,neutre
حمد لله شفء رئس حمدلل ضهر بصح جيد,positif,positif
ثلث حيط خير قلب فيز,neutre,neutre
نقش زوج لقو ففف حسب جزير كمل رجل,négatif,négatif
طز سيد للة وجد شيء كتر خرب فل بلد كرو خير لحب سقم بلد مشي يبد كرو الل نعل شيط ركم قودو,négatif,négatif
ولل لجت دمع حمد لله يرب حال,positif,neutre
نمت الم وبن نحب الل ندع حفظ ربي عين يرب منى اشف بشر اشء الل نبر رحم,positif,positif
اعز جمع عاءيل شعب جزاءير لهم رحم هاءولاء شبب رزق اهل صبر سلو لله ونا اليه رجع اخو غرب,positif,positif
rabi yerhemho inchalah we yatik saber,positif,positif
طرق رمض psicopata قلب حقق لضح ذنب صحف كانت ترد يقع فهي ذنب ﻹعلام ذتب ضحة طرق رمض غصب ذئب قنع خرف وحش تقد غرز طرق رمض تدر مدى خطر فعل قبح سأل سبب وجد اﻹسلاموفوب غرب,positif,négatif
الل رحم خلت دوج ربي رزق صبر الل رزق صبر سكن فمه يبس الل جعل قبر روض ريض جنة الل ربط قلب حبب جمع,négatif,négatif
درو يلم,neutre,neutre
الل صبر رهي تحت صدم سكن عزء نهم شهداء رحم رحم ايم قدر خير شره,positif,positif
كلب طير روح بلد روح الل يجب خير مصبتوش ديرو قعد لكو قطو,négatif,négatif
جزر تكن ضحة لطج شبك اجتماعية صدق حرض اشع نار غرض راد زرع وتر غمض بلب كره الخ حذر وقع فخ خصة نشط تحت جنح حزب لمو تطرف حضر طرف تطرف خرى نشط خرج خرط نظم ورط عشر ودء كرر,négatif,négatif
غلط دار قتل,négatif,négatif
azul felawen amir bravo a3lik radjel fahel,positif,positif
لهم شفي وعف طفه رحم رحم رحم,positif,positif
dj mustapha mnin troh aho hna mdrrr,neutre,neutre
ولل امر تقل فلم هوليوودية رهي جزر الل حفظ اخي امر لحر,positif,positif
تم شهر سيف حجج سؤل اول قطع رؤس,neutre,neutre
بلد تقم رخس سرق يته رجل ولد امل طحن دور repenti حكم حكمو,négatif,négatif
الل رحم شهداء رحم غفر وجن رضو,positif,positif
كثر فسد كلو حلف سيس بن عمس,négatif,négatif
زبد يؤد دور ميز,positif,positif
ضرب كبر قتل روح شكت قلل عند مانديرول عرف بلي زال مشو marche arrière قول رأة برك الل يدو بسط بصح كشف بزف عفيس ربي ورب قدر سؤل هزل ربي يخذ لحق,négatif,négatif
اشء الل وفق تبع تبع صدق بإستمرار,positif,positif
hhhhhhhh حنل ليه ههه,neutre,neutre
لهم رحم غفر وسك فسح جنت ردس على وال اهل صبر سلو لله وإن اله رجع,positif,positif
bravo monsieur ta raison,négatif,positif
salam kt3jbini bzaaaaf,positif,positif
شكر جزل ساذ,positif,positif
توفر ودي,neutre,neutre
ولل غني رووووع قست ززززاف وقع ؤلم نسب عيش مأساتو وفق اشء الل ربي حفظ زيد نجح tooooooooooooooooooop,positif,positif
sooo cutemashallah,positif,positif
ياللغباء علق كثر شيء قهر يقل رفرف علم نسا نجت فلم وكل دلس كذب ونس ولم نبه ان عدل امر رفرف علم ثنء مونتاج يخي سحو ولل حيت تمل نطق نكم,positif,négatif
بور جهد,positif,positif
ولل محل دنا آخر,neutre,négatif
الل فرج علي وعل شلل يرب علم ولل,positif,positif
جزءر بلد ملي نصف ملي شهد,neutre,neutre
shit khoya klamk fswab,positif,positif
wa9tach dakhla,positif,neutre
وهب ضئع,positif,neutre
عيشو جاوبو جبد يبغ ورق خلص بيه ماقدرش خلص فهد نهر غمل يفت هدك وعد دوه شهد وجه,neutre,neutre
صحف نمي هدي كون طيح يدي حففل شعر بول زيرو,négatif,négatif
اضف طحن شوف شعر بدل طحن قمح,négatif,neutre
يجز كذب اجل ضحك ناس تب الل,positif,neutre
روحو رنس تاع خلو عيشو كره نكم ووو,négatif,négatif
كتش شبب يفق بلي كورو صح نوا,positif,neutre
هدا شعب نزل نبي يحر نين بدأ لكل فسد لتح تجي طلع لبوتفليقة نتج خلط يقل عند لحل لحل عهم كرس خلص مهم وصل كرس بعد فسد سهل ربي يهد,neutre,négatif
قرأ كتب صرح كتب عقل جمل كتب سلب رئع وشق تفق كتب ١٠٠ فعل سلب جذب,positif,positif
حبة عرف عجن يمو جزر ولا للا ويل نبع,négatif,neutre
كان 10اصاب فقط غلقول درس بدت 1000 غلقوش,négatif,négatif
لله ونا اليه رجع ربي رحمو غفرلو جعلو اهل جنة,positif,positif
on adore,positif,positif
617 صوت ريع غنا كلم عرب اصل عمق صحراء جزير شاء الل علي بلد شكر لكل جمع ريتو شيء يتم غيب شبب سكر,positif,positif
اخط كدب نتم خير خبراااء رئس تنز فضح ڨع علم أكدوب كورو,négatif,négatif
فيديوهااتك تعة هتقول حوس معاكصحييت,positif,positif
برك الل شاء الل موت جرم,positif,positif
زبل زبل زبل زبل زبل زبل زبل زبل زبل زبل زبل زبل زبل زبل زبل زبل زبل زبل زبل زبل زبل زبل زبل زبل زبل زبل زبل زبل زبل زبل زبل زبل زبل زبل زبل زبل زبل زبل زبل زبل زبل زبل زبل زبل زبل زبل زبل زبل زبل,négatif,négatif
شكر رجل حمي دنة نقد 6 ضحا خصة بحر هئج قلب سفن يشء فالانقاد صعب جدا,positif,positif
هذا فنن فسد صور سلم سلم ورب لحل قوة بلل,négatif,négatif
حسب الل نعم وكل صحب قنة عملاء,positif,neutre
ربي وفق ان شاء الل يعد سلم غنم لفز ان شا ء الل,positif,positif
this is good but you do that in the captel were the بقي city,neutre,positif
شكرآ جزل اخي,positif,positif
bravo monsieurentièrement daccord avec vous,positif,positif
جزر كامير,positif,neutre
علم هدا شخص غبي ام غبى حقق قرف سمع كلم غرب دفع بلد بمل واط اما خسر مول اجل بطل كرس عمر رنس نطق حرر دخل نشء خرج نشء نعط صحراء لمن نشء حلف نشء اخد قلل دمء جدد فعل بلد نشء وان دخل وضع هتم بشؤ دخل يعن سمع يرض وكف نكم دول حد سعة سطع يجد رءس يسر غاد علل خرج وخا يكون حيط,positif,négatif
ولل فرح هاذ ليم,positif,positif
قلت مرة فيت بلي كبر قتل حول تكون ضحك يمل مرة حول نكن شيخ نقل كبر صوت لاح بصح فكر عبر تير نصح قرل ريزيم نتع كتب ذكر صدر خير لهر تهر وصح,neutre,négatif
متبطلوش حيس ولل ماتترباو كره نكم,négatif,négatif
يخي رخي عمق ههه مسا مقدرتو عيشو فلد فزم تيه قوم تبع,négatif,négatif
الل علم رأة ختل عقل زوجو اهل بزف,négatif,négatif
حسب الل وكل سكن شهد جنن ضىء طرق جنة قان يحم سلم شهد عطل موم قدر سؤؤل رفض قنن 40 يوم قبل ارخ ولد اه اه اه اين حقق راة,neutre,positif
بقو عيش قبر ومد ناس جهد قدم نتو قعدو احد موت,négatif,neutre
حجم كذب زيف يفق وصف طرف تير سيس ايديولوجي حقق ارخ,négatif,négatif
ازل لغة خشب بريجنيفية تسد وسط حكم جزر وزم سيل نقد قئم شفي تهر وضع طلب صلح عمق وفر,neutre,neutre
لرض نتع نتع دوم زدمتو رضي 607080 قولو نتع تحد رهم عقد لكة,négatif,négatif
تفو كلب جنرال ولد رنس لعن الل جدد فسد,négatif,négatif
زوف ناع حرك رنس,négatif,négatif
يبق علم الل حسب صرح ولد تهم اظن ان ابن ضحة شخص دلل ذلك كلم أرح صرح زوج قنع تما ان شاء الل ظهر لحق,négatif,neutre
حمدول لحق بخر,neutre,positif
ديرول يدو ثلت رمد,neutre,neutre
1_دوري_المراعي هرررب عمر سي نو رجع كيف سكو خممو قيع 2_العنصرية_سيتي هررررب حروووز ولل رهو ويل لشر وجه ترم,négatif,négatif
قدم اجو هدرو ربه اول شيء ماتحضروش هدي بنت رها avancé بزف قول عند 30 عام قده سيئ طفل رجو عليها,négatif,négatif
الف برك جمل نال قلب شاء الل تلق رجع ستى طلب رجع شكل وطن جزر أفتخر ربي حفظ الخ نشر,positif,positif
صره عجب وصف سلم مامقادير غطه حلب وزت وشو,positif,positif
عااااااش ملك,négatif,positif
الف تحة لام سلم ختش,positif,positif
امر شعذ زال ردع لغش,négatif,négatif
فكر سهر ليل يام زمن بن شكو دية,neutre,neutre
جنب ههه كفل غمغاو ههه حمراو ههع ضرب درا وسة حت قلو فخو,négatif,négatif
شكر بين وبر,positif,positif
امر كذب زعطووووط فتن كذب تحس خلط بلد,négatif,négatif
twalat 3lina med ak w3adtni rah hal walah w ana makdartch nakra kraht man rohi,positif,négatif
خير جنرال,négatif,négatif
la qualité oui il n ya rien a dire bravo,négatif,positif
قلن تجب علم,neutre,neutre
يخو ربي خلل يمت,positif,positif
عرف اخي,positif,positif
ياو غسلو قلب قبل فتح سجد,négatif,neutre
علبال قلق نور مين سقس تقل عرف معلباليش تعي قلق تكبر صح مشي سخر ونت كون قدر نقص كيج رهم هدلو مشي,négatif,négatif
سأل الل عظم ان حفظ جمع وان حفظ سئر عمل قطع صحة وأن يبر جهد أسأل على صلح ولد حفظ كره لهم رفع عنا بلء صرف بلد جزر وبء وعن سئر بلد سلم لهم رحم فإن رحم عذب فأن علي قدر امن امن,positif,positif
جمع بلز ديت عدل 15 باك شعب علم صحو درس علا ستذ شبه طبي وشك مضم,neutre,neutre
لصص,négatif,négatif
طلب قصص حق طفل,neutre,neutre
ديم عجب لخص,positif,positif
رخس انس شوفتو حيتى,négatif,négatif
شحل نحب روة ربي يهن يعط ماتتمناي,positif,positif
يجب منع سير جزر لأن شعب مجن,neutre,neutre
عدل هبل,neutre,neutre
ربي وفق فرق خوا وصل نجح كبر,positif,positif
حرق كسك عله غحو حدد لين الل ربح نظم اعر نتم نظم فشل فسد خمج غلقتو حدد علي الل غلق,négatif,négatif
hadou ka jao3hom bach sawat na3am khal3a nchighal bi polikhra f3aod ntabho li sakina al mo3wisa rah blak mahtam bi taslih bhala 9ol hna fi al vitnam ao kabol,négatif,négatif
ya bensdira yattik zebb yhelek el mnafess,négatif,négatif
شلط,positif,neutre
ولل طاح قلب,négatif,négatif
hadi giba,négatif,neutre
كتبول وصف فضل,neutre,neutre
اشء الل غني رااائع جدا صوت ارع تحة كبر غرب,positif,positif
ayate ayatekhrot yabmouharedjanta hyatek guaa député chouf shab djanoubwallaw guaa talabinesrouh takhra,positif,négatif
roh asefkem ayaraw lahram,négatif,négatif
درت جات روع يعط صحة نصح جرب درت كوكاو وجت هبل,positif,positif
ربي حفظ بن عمو ارك ليح فسڨ,positif,positif
اغنيرائعة,positif,positif
كوثر روع ربي حفظ يحم عين عدي حسد رهم وتو,positif,positif
ربي حفض شاء الل ربي يعط اتم روح دعة خير رهي شال ترح,positif,positif
يود قدم خصئ بين لعب دير روح عاطف وكل شكل جات قنو زيقو حصص خمس نزد طين بلا بكر خين زوج ولآ صبح علن,négatif,négatif
الل رحم,positif,négatif
حان دور سلم سيلم كذب هههههههه هههههههه هههههههه هههههههه هههههههه هههههههه هههههههه هههههههه هههههههه هههههههه هههههههه هههههههه هههههههه هههههههه هههههههه هههههههه,négatif,négatif
واو يدو كتييييير حلو,positif,positif
يوم زيدو حجة روح حاب ولو نسء بسف,neutre,négatif
قطع نتج غذي خصص,neutre,neutre
حلق بزز وقع ماحطيتوهاش,positif,neutre
tu devrait mettre les couches avant de parler rouh ta3ti mala,négatif,négatif
ربي يجب شفء مسك جزر ترخ ساح شعب كتب عليها رؤساء قعد,positif,négatif
خطه نتع اوح,négatif,neutre
اخييييرا,positif,neutre
ربي وفق الل يفو دعل ربي نجح وفق,positif,positif
allah ybarek fi omrak osstadha el fadhel,positif,positif
ريح ماتخرط,négatif,négatif
yekhi chwada,positif,négatif
رحم كرش الل جبت سيد رئس الل نشف رجعل امل بلد رجل ونص,positif,positif
ضد رنس كلم بلغ كلم عرب,négatif,négatif
شاء الل اشخ الل زيدل,neutre,positif
vive el hadj vive dhimmi,positif,positif
تقل ابس قرب رجع بلد عطط مات بني نقش,négatif,négatif
عله مسك ولل مااتخفو ربي,positif,positif
rabi ysabarkom nchallab,positif,positif
ديرول يدو حدو الف مين جات,neutre,neutre
خبر لتش هههههههه كذب حمر بغل,négatif,négatif
عنصر وضح اوب شكن ربح خدم ني صوت ني ولو,négatif,négatif
بقى 5ايام جيز كلر دعل يرب نجب عدل متز باك ان شاء الل لكم مثل,positif,positif
شاء الل لفن كلب روع,positif,positif
الل صفر وجه عصم كول,négatif,négatif
عهد باق مارناش حبس,négatif,neutre
الل كبر ربي حفظ كثر مثل,positif,positif
حصة قمة نشط رئع ثقف ربي فرج شهر ريم,positif,positif
دول عصب نهب خير جزر مول شعب صدق جنب تجي فهم بلو,négatif,négatif
رحم الل جعل توه جنة,positif,positif
سبح الل وطن عطو شهد فنو دائ نفس شخص جزر جدد ولل عمر ماتتسقمو,neutre,négatif
ههه زعم جزر يبس يد خنز خلق الل,neutre,neutre
rani choftk fi annaba fi chapi,négatif,neutre
يري رجع قان دني جرء دنة,neutre,neutre
رنس تحب جزر نهى درس,négatif,négatif
bravo ma nièce,négatif,positif
حكمو زبي,négatif,négatif
شاا الل ربي قدر,positif,positif
جزا الل خير جعل ميز حسن,positif,positif
ريش حله سلم يحر انت فعل طبخ نجح وبن,positif,positif
شكن رآه فرج 2019,neutre,neutre
شكن هلل صدق قنو عار,négatif,négatif
رجل عيب جزىر ازم ونو كلم اده 102 تبن ريس جزىر تحب تكر,neutre,neutre
قحب بحر احس عنو لهذا فلم بحي,négatif,négatif
منى بلد جزر شقق قرر دين امن عدم خوض جرب عرق رير وأن يكن قلب ويد ضد فرق وفق الل على,négatif,neutre
رب ان شاء الل ران تكون طلب كلة لطب bac2021 ياا رب مثل يااااااا رب,positif,positif
يدر رطس خلص مول قرن,négatif,négatif
كمل ركم هدرو جبد درا دير وقل اعط يحب برك الل مي شفت هدك سيد دير ندر قله شحل قال بئع ملي ميت خرج جاب درا دار عطه سيد ماقالش بعد رني عاي شا يدي دار شاء الل لقو ميز حسن,positif,positif
تحا حسن ونس زمر,négatif,positif
ربي يعو حاج,positif,positif
اه شلفو يزم خوا اكش نوي تزر واد,positif,positif
سطع قرء فتر غاز كتب لغة ديغول اقر,neutre,neutre
ساذ مكن فرض اول ثلث ثني لغت وجز الل خير,positif,positif
صحف حرم ستى نحط,négatif,négatif
ريس زور شرف يغض,négatif,négatif
سيد جاب قرع خدم روحو مسك جيتو بتو,négatif,neutre
رحم الل وسك الل فسح جنن,positif,positif
جزر جدد جيش عضم شعب واحد رئس تبن عبقرى الل يحم حفظ حمى حفظ بلد عين حسد وبء شاءالل يرب علم,positif,positif
رخس طلب ولل متس صح رجل قفو بقد شرك,négatif,négatif
طرش وجه منو,négatif,négatif
zdimoh de mérde,négatif,négatif
لحق رفع دعى دنة طالبو بلغ سير عوض كفة ضرر,neutre,neutre
hhhhhhhhhhhhhhقالو كلش بلع قسدير وبر خرط علي نتا رزق خدمو صرفو وقض جزر زال ماقررناش صير روحو بكو قرر صير غير نتا ندم كيلو زيت قلي خخخخخخ,négatif,négatif
الل حفظ شيخ كرم ولل خذل ابد ابد ابد يوم دين,positif,positif
سؤل دائ كرر وجد سير شهر برل,neutre,neutre
hhhhhhhhhhhhhhhhhhhhh wlh ya djawida ana 7assbatlii alexis texas rahi djaya khkhkkhkhkh,négatif,positif
قلنال دخل غشي ربي سهل درك شعب مسك خلص,négatif,neutre
inchallah alaaaamiya bravo frerot pour ce morceau,positif,positif
الل الل الل اله الا الل,positif,positif
حمدالل رآهم دار حلة,positif,positif
رنمج رئع ناس فدو كثر ربي ولد,positif,positif
حرك تفو,négatif,négatif
دين فلي ولت خور تشم خرك,positif,négatif
lazeme ta3admehome hadou mejrimine,négatif,négatif
كور ديكور مرب,positif,positif
بين بلي كذب كلب تفو,négatif,négatif
صحف رخس عرظو روح عرض نغز اشي عمر لاح بلا,négatif,négatif
كلم حلل سدر وقع وجد انس ختص قصد صنع ان يكون ضد قرر وزر صنع الا طفل ذر فرفاريست,négatif,neutre
كلب رئع نهي جد رئع هكا يخل طفل كرو نهم خدمو لمو بنو قبل درج درج,positif,positif
الل رحم وسع جعل ؤاك جنة شاء الل,positif,positif
اه ولل بكت بكت امم ربي يصر اه ربي يعن يما اما ربي يعو جعل اهل جنة يرب شيم ان شاء لله رها جنة امن,positif,négatif
لعن الل يوم دين,négatif,négatif
ضحك جدا,positif,positif
نجح انشاءالله اخت,positif,positif
قبل دقق كلر,neutre,neutre
الف تحة لجش وطن شعب الل يشف سيد عبد جيد تبن,positif,positif
جمع 93 برك تور شعب سلم مرة نصر بإذ الل حيا الل أحرار صبر ثبت نصر بإذ الل,positif,positif
الل حفظ يعو,positif,positif
يعط صحة حبب نور الل يخل رب je vous adore,positif,positif
le journaliste mashaalah,négatif,positif
هذي وتو علم ههه خون رخص ياو يفط,négatif,négatif
صحب ولو كلم رنس لمذ حاب رهج جزر قبيل دستور تبن,négatif,négatif
الل حفض يبر يالجزائر,positif,positif
حيتى جزر وهل حيتى لكل حرر فى خلج,positif,positif
سلم شرح جيد بحث شحن بطق يسر سطع شحنل اخي,neutre,neutre
كلب يعض خوه حجة بين ضرب خاطرش علابال برح قدر جبد رقق قسنط كبر نفق وخا,négatif,négatif
وعر خوا,positif,positif
ربي شفه رجع اعفى بصح جيد الل فرح شفت,positif,positif
حمد شكر يرب لهم اشف رجع سال غان بلد وشف جمع رضى رحم ابي عزز غلي قلب رحم جمع وتى سلم امن يرب علم,positif,positif
كذب متحشموش,négatif,négatif
عند خوا هاد شاب يكر اما كره شدد حملهاش شاف علق دعيلو ربي يهد يحن قلبو امو سكن,positif,positif
وكت عرضو قنة جزر,négatif,neutre
ya3tik saha oum walid rebi idjazik djat benina o 3djbthom kamel f dar merci une autre fois,positif,positif
جزر صغر اسد كبر يهز بلد نسء زعماء مثل للا فطم ومر حسب,positif,positif
يعط صحة,positif,positif
لقب سنس,négatif,neutre
الل يبر خون فرس,positif,positif
شوف ولد الل يعط يمن الل حفظل ولد اب ولد رحم ولد الل ربو وصف هذي قمة روع فور بزر بنن اقتصادية حمر وجه خدد يدن كلش حست روح ام ولد اليوم رجل شكر شيخ شكر عجز شكر بدع,positif,positif
سود,neutre,neutre
بين وجه بنت فمل شاء الل,positif,positif
خرج لاه يحى للص يكون عبر لغر ماداروش زيه رهم رخسو هدلو,négatif,négatif
ردع جدد 2021 ربي ستر قان فوق جمع هلل,neutre,négatif
ay tsoufri m3a 3arbiya,négatif,négatif
لبن شكن تجي تشف عند صبل حبة قهة وصف خرى رئع مرحبانهار برك ربي حفظ,positif,positif
حمد لله سلم سيد رئس منى وفق حمد لله حمدلل حمدلل,positif,positif
bravo khoya piwi,positif,positif
يرس يطي صحه ربي ستر نتو حجا ضحك حبكم,positif,positif
سحي أفعل قول شئت,négatif,négatif
سؤل رفض شعب شعب فيق جنرال حرقو شعب قتلو شعب سعن يد نظم بين جيل خدعو سلم سلط شعب لان حجة تغر ازل,négatif,négatif
الل رحم جعل ثوا جنة شاءالل,positif,positif
كذب ولد رنس,négatif,négatif
machaallah,positif,positif
تبن رجع غدا ولن سؤل طرح لمى يمي 6,neutre,négatif
شاء الل ربي رحو فرح,positif,positif
khalti doudja wallah elathimine baketini wa allah yasebrike wa yarhem welidek wa koul maweta el moumenine amine,négatif,négatif
يوم علم منك حجة ربي حفظ زين,positif,positif
برك الل هدا نشر وعي وسط جمع واج هاد لاستعمار علم صهو,positif,positif
2020 سنة سعد,positif,positif
ولل هاد كورو ركم غي كدب علي,négatif,négatif
des bondis makhlouعun il ont pas les capacités tu peut l acheté avec un euro,négatif,négatif
ساذ رئع,positif,positif
good,positif,positif
هاذ نسا اول رجل تدر قنة ونس عرف بلي نسا خطأ,négatif,négatif
فضل poco m3 سعر خرف,neutre,neutre
زوب هدر ناس علم لطب,négatif,négatif
اخر تقل ادا بول ماننجملوش يلم بونباردي طبق جهل,négatif,négatif
pourquoi tas fais ça,négatif,neutre
جزر ام شهداء ورض عفة كرم مجد خلد شهدائ برر جزر بخر ادم ايد رجل بسل,positif,positif
روس شيع دفع نظم شيع جزر اجل بيع سلح خرد قوياء ضهر سلح الا وقت نسب,négatif,négatif
وا يمت كرش غدي نمت ضحك جزر ضحو علم,neutre,positif
شخص معجبتنيش فاه فاه طفل صغر قعد كلاشيو وحد أتأ وحد شطح بلا حرم صلح فيد,négatif,négatif
mabrtch tahbsli dam3,positif,négatif
قنو جزر كله اسن يتح ليب يهد,négatif,négatif
لهم سهل الا جعل سهل جزك الل خير اخي,positif,positif
une très bonne comparaison,positif,positif
نهر كانت عكم يخي رزق,positif,négatif
sara ba3di matri9,positif,négatif
raht ou chaft klab twansa dola dialha thabna cha3beha mayhabounach,neutre,négatif
تعن عقل ريح يجر بلد وبء نعت جمع خرج حرك,négatif,négatif
ردد مايقول لدك ريك خاص,négatif,négatif
جزءر طبع تحت طبل,négatif,neutre
شكر ساذ شرح وفي اشء الل,positif,positif
راكتمذغفلهدراصاحبيمالكمغيكانيتواولاايه,positif,négatif
i love you so muchو الل حبو,positif,positif
برك الل شيخ لهم رزق حلل وبر,positif,positif
كرث أستاذ,négatif,négatif
هههههههههههههههههههههههههههههه ولل روع كون جيت طفل تاا ندر كيفو,négatif,neutre
جيبول رجل كرف لاه,négatif,négatif
غرسو خرب يعو بنن,neutre,neutre
حمد رغس لوك جا فحل صح مايزيدش طلع هدي قاتلو خنو رخستو حصت دفع زاح,positif,négatif
ربي رحم وتا يشف رضا يحم صحء يرب,positif,positif
خبب صدق وعر مونتاج تقل ريك شاء الل خبب روح صحرى قدر عجب اخك قسنط,positif,positif
اول الل رحم قيد صلح وثن يتم رقت فرق عيد قلل قدم,positif,neutre
رجعو تبن صبع زرق طلق ختيتيل رأس نوي لمح لمن رنس عند قبة رمو نعم فضل نظم دفع جوة شهد وسد خبراء زوف,négatif,négatif
جلف كبر ساح قلل يتو روحو ردو قمح خمج يخي كلب يقل وقف دير همه يجب حسب ام جنيرال ورء بلد لخر,négatif,négatif
خرط هدف,négatif,négatif
ارع حتى فاليوتيوب كله اشء الل يدو نلق زبد زبد تهل ذرع اسي ومل تبع ربي حققل طمح ماتهدف اليه,positif,positif
حصة جمل ورع حفض الل كره رين جزير رنس,positif,positif
ارم جرب وجد خرد دقق,négatif,négatif
ڨلت 3 ولد ڨال 4,positif,neutre
لهم رفع وبء بلء جعل بلد امن قرا شعب سعد,neutre,neutre
جعتل قلب فيز راح نتق,neutre,négatif
ساذ ربي حفظ ديرهول يدو,positif,positif
رجل صح,positif,positif
ديلور صوت بين رجل يمر,neutre,neutre
ساذ ورد شاء الل جزر فحل ربي حفظ,positif,positif
دعل نجب كلر دغة غرب جاب,neutre,neutre
قسم بلل لقت برق عند بزف شوة كانت هدر تلف تسب طيح غشي كمل فرج,négatif,négatif
قده لعب,neutre,neutre
حول قوة بلل علي عظم عجز عبر شيء ؤلم ؤلم جدا شاء الل سؤل نظر امر يلم شمل لأم درس اعد اعد جيل طيب عرق,positif,négatif
شكر جهد بذل وعي صلح وصل,positif,positif
نمت غنك الل قدر,positif,positif
حمد لله شفي رءس نتم صحة عفي رب,positif,neutre
درس شجر حمل نسب علم,neutre,neutre
صحف طرح سئل وضح سعد هبل هرب جوب حرق قيس يكون عضو لجن كلف نقش صير بلد جاي يصح جهو هذو الل يحس نظم,négatif,négatif
cest magnifique,positif,positif
دعل دخل خصص لطب فضل,neutre,positif
يعط صحه عفي ام ولد ربي حفظ لين شكر شيء,positif,positif
يلل جد سعد برؤ سيد رئس حمد لله سقط قنع عدء وطن تحا جزر يعش رئس,positif,positif
الل يحم يزد نعم,positif,positif
تفه رجل هدو ان شاء الل رشى حبس غتصبو دخل حبس,négatif,négatif
قلبو حجر,négatif,négatif
سعد عطل خبر ساح عرك قتل خون صحراو يدو اليوم جهز نقل portable تطع,neutre,neutre
صرم عرب فشل هدا خصو بلع اشي نقش,négatif,négatif
tres belle chanson bravo a chaque fois je regarde cette vidéo nabki,positif,positif
bon courage melissa kahina walah wajhak yhabal kima sotak,positif,positif
خصص قصد نسب دير شعب علم جرب,neutre,neutre
بغش يحكوراهي باي كش شمي غتش تقل,négatif,neutre
berka lahou fi koume rabi yahfdakoume inchallah amine,positif,positif
يخي شفن ربي نتع يستر ابي كامير كاشيالمذبوحة تضح سلخ,négatif,négatif
صح عيد ورب حفض,positif,neutre
كفش نجح راس سر,neutre,neutre
زلت هدر يعط ضرص ضرص يرب حفظ بلد مثل رجعل ريس صحتو عافيتو رب,négatif,négatif
طبل كفا غبء تبن ارخ وضف ضعف جدا جدا حقق جاز نصب شغل درم جبهو رسو جبه حرر الخ,positif,négatif
ربي رحمو جعل ثوه جنة ردس على يرب علم عظم الل اجر وحس عزئ غفر لمت وسك فسح جنت,positif,positif
فحل ورب سرك دنا أخر سان لسب جزر عطيطول قيم فوق سحق il faut la zapper c tt,positif,positif
تحة قدر شعب سعد شقق جزر عرب أفتخر,positif,positif
حصة هيل,positif,positif
جمل انس سان خلك حبو بلا احس ربي جعل اهل جنة وهد حصص هلو دعم حكو وقع ناس حتج دعم ربي رزق حيت حتسبو وأن اخي ربي بشر جنة يرب علم,positif,positif
ان شاء الل ربي فرج خوت ليب رجع ليب احس قبل,positif,positif
bien haja mliha,positif,positif
تلفزيونات صبح قنو بحة ليم تبع فرد عئل لحل قوة بلل عييتو بهذ موسيقى سبح الل عظم صوت موسيقى على صوت رأة ماقدرتش كمل سمع سبب موسيقى علي جداااااااا,neutre,négatif
احل ام ربي حفظ,positif,positif
ناج انو خرط,négatif,négatif
ههههعههههههه احس يدو شوف حيت يعط صحة خوت صلو وفق,positif,positif
شفي يدن وفر جهز نفس صنع,neutre,neutre
ربي ستر,négatif,négatif
اهل جيح بلص لسح كسر قصد بلد صدد غلا نتا رومبو,neutre,négatif
سبب غلق جري نشر زبل وخص بلس عجل ططي وهذا يؤد كرث,négatif,négatif
رحب دين وجد تهل خير شعب دول,positif,positif
برك الل شاء الل كيش اخت غرب,positif,positif
زعبوط زيطوط ههه ههه نفق غير فرج,négatif,négatif
je taime bro,positif,positif
1 er hhhh,positif,positif
رئس جلس عصب يرد لئح رلم ورب ضرب جيش جزر علق جيش قرر سيس صدر تحد ورب يخص حقق انس صرح ؤكد حيش حرم حقق انس جزر غبياء فشل نظم يعش يمه خير,négatif,négatif
فضل قصو صوت موسيقى ناش معو,neutre,neutre
خوة خوة جمع لإل الل حمد رسل,positif,positif
يعط صحة ولد ربي فرح دنا اخر شاء الل,positif,positif
ايب هيل ولي ايض,positif,positif
غني عند 20 يوم ملي خرج ونا حتي ليم باه سمع صرح دمع طاحتل,négatif,neutre
هدا دخل عمل ال سعد كلب امر كلم شيخ علماء عرف مثل شيخ الب وفز بكر وزد علا مة حجز عبد الل بن جبر وبو سحق حوي وغر دخلى كدب نسر كدل ركس رسل شيط انس,négatif,négatif
بلد سيح رقم نطق ومع عمد قصد حرق منت حكم جزر رجل نهض منت جزر تول احس امر 50 سنة تحل صحراء الا جنة نطح سحب صبح قصد عمد عقر سيح ومك جزر كبر ضفة سيح يمك ان صبح رقم فرق جال صنع وفر واد ولي غزر,positif,négatif
ولي اهن رءة مستغانم,positif,négatif
حول جوة احل جسد أصنف اسس انه يدو بحي رنو,neutre,négatif
مواضيع كله وجع قلب,négatif,négatif
نشء الل طرطق لطو شوهتو جزر,positif,négatif
اسم وسقى,neutre,neutre
رحم كرش خلت كلم رجل زمن كثرو رخس,négatif,positif
عيب وعر هدل الل ربح,négatif,négatif
ديرو يدو قصة شهداء الل رحم لير يبن جام,positif,neutre
عجبنى كوتش,positif,positif
عنا بصح ولل برح فكه كلم حلو نست كلش عجب هدر بزف ههه اشء الل رب فرج يرب كوغير سمع علق علش يجي نهر شوفو ورر بين تضح قسم الل فرج ينح غبن بدل حال اسء حال احس حال,négatif,positif
فكر وحد اوق حبب وفر وحش khadir youcf,positif,neutre
تحا جيش وطن شعب يحا شنقريح يحا رئس جمهور تبن يحا رجل جزر جدو خلد شهد برر,positif,positif
اذا كنتم حق شعب قرر صير زعم لمذ سند شعب كاطالو سبن طلب قلل شعب قبيل يعا قمع همش عقل عسف لنه طلب استقلالباراكا خرط كذب,négatif,négatif
سعد علج عمل عمل جرح عنت اجل لقائهربي يشف ورب رحم قيد صلح,négatif,positif
كيكد ضبط,neutre,neutre
شكن جات سبو تبن,neutre,neutre
hamid el gang,négatif,neutre
كبر نفق عرف تاريخداء يقف اقى مثل يهد,négatif,négatif
سكن عدل مدو ناس هبلو هكذ تفد طبء نفس ولل شرع ربح حسب الل نعم وكل نظر وفي اخر خرط,négatif,neutre
الل يبر شاء الل ربي حفظ بنء جزءر,positif,positif
جيبول هبل قولو شوفو تعط غمة غميتو بهذا شهد قرف صبح ربي قنو زيقو ههههههههه ولل ذلو حفد علي موت وقف,positif,négatif
ان تبع يعط صحة عجب خدم وتف,positif,positif
خلو خدمو زوج غلا ههه زية نهم بزف هكا ميتزوجش يكسر رسو خير تجب طفل كسرل رسك,neutre,neutre
يعط صحة حاربو هذي ظهر خزة داب سرق,positif,négatif
يلل قدر سعد حتج,neutre,positif
ربي سرا ستر ولد انت بنت شجع ان شاللل يتفتحولك قاع بيب,positif,positif
